STMID,Date/Time,Lat,Lon,000hI01,012hI01,024hI01,036hI01,048hI01,072hI01,096hI01,120hI01
AL012018,25-05-2018/12:00:00,18.8,87.1,0,5.0,10.0,10.0,10.0,5.0,0.0,-10.0
AL012018,25-05-2018/18:00:00,18.7,86.5,0,10.0,10.0,15.0,10.0,10.0,0.0,-10.0
AL012018,26-05-2018/00:00:00,18.9,85.9,0,5.0,5.0,10.0,0.0,25.0,0.0,-10.0
AL032018,06-07-2018/18:00:00,31.8,73.6,0,5.0,5.0,5.0,5.0,-5.0,-10.0,-10.0
AL032018,07-07-2018/00:00:00,32.2,74.2,0,5.0,5.0,5.0,0.0,-10.0,-25.0,-10.0
AL032018,07-07-2018/06:00:00,32.6,74.6,0,0.0,0.0,0.0,0.0,-5.0,-25.0,0.0
AL032018,07-07-2018/12:00:00,32.7,74.9,0,0.0,5.0,0.0,0.0,-15.0,-20.0,-10.0
AL062018,31-08-2018/18:00:00,13.8,23.8,0,0.0,0.0,-5.0,0.0,-5.0,-15.0,-60.0
AL062018,01-09-2018/00:00:00,14.0,24.9,0,0.0,-5.0,-5.0,0.0,-10.0,-25.0,-60.0
AL062018,01-09-2018/06:00:00,14.3,26.1,0,0.0,-5.0,0.0,5.0,-5.0,-35.0,-50.0
AL062018,01-09-2018/12:00:00,14.8,27.2,0,0.0,0.0,0.0,0.0,-10.0,-45.0,-35.0
AL062018,01-09-2018/18:00:00,15.4,28.3,0,-5.0,0.0,5.0,-5.0,-20.0,-65.0,-25.0
AL062018,02-09-2018/00:00:00,15.9,29.6,0,0.0,5.0,0.0,-10.0,-30.0,-65.0,-10.0
AL062018,02-09-2018/06:00:00,16.4,30.9,0,5.0,5.0,-5.0,-10.0,-40.0,-55.0,-10.0
AL062018,02-09-2018/12:00:00,16.8,32.4,0,-5.0,-10.0,-20.0,-25.0,-60.0,-45.0,0.0
AL062018,02-09-2018/18:00:00,17.1,33.8,0,-5.0,-15.0,-20.0,-30.0,-70.0,-30.0,0.0
AL062018,03-09-2018/00:00:00,17.6,35.2,0,-10.0,-20.0,-25.0,-40.0,-75.0,-20.0,-5.0
AL062018,03-09-2018/06:00:00,17.9,36.6,0,-5.0,-15.0,-30.0,-50.0,-65.0,-10.0,0.0
AL062018,03-09-2018/12:00:00,18.2,38.0,0,-5.0,-10.0,-30.0,-55.0,-45.0,-5.0,0.0
AL062018,03-09-2018/18:00:00,18.4,39.2,0,-5.0,-20.0,-40.0,-65.0,-25.0,0.0,0.0
AL062018,04-09-2018/00:00:00,18.7,40.2,0,-10.0,-30.0,-50.0,-65.0,-10.0,0.0,0.0
AL062018,04-09-2018/06:00:00,19.1,41.2,0,-15.0,-35.0,-60.0,-55.0,-5.0,0.0,5.0
AL062018,04-09-2018/12:00:00,19.5,42.0,0,-20.0,-40.0,-55.0,-35.0,-5.0,0.0,0.0
AL062018,04-09-2018/18:00:00,20.0,42.7,0,-15.0,-40.0,-40.0,-15.0,0.0,0.0,0.0
AL062018,05-09-2018/00:00:00,20.4,43.4,0,-15.0,-35.0,-20.0,5.0,10.0,10.0,0.0
AL062018,05-09-2018/06:00:00,21.1,44.3,0,-25.0,-25.0,-5.0,15.0,20.0,20.0,-5.0
AL062018,05-09-2018/12:00:00,21.7,45.2,0,-5.0,10.0,35.0,35.0,35.0,30.0,-10.0
AL062018,05-09-2018/18:00:00,22.4,46.2,0,5.0,30.0,45.0,40.0,40.0,35.0,-15.0
AL062018,06-09-2018/00:00:00,23.1,46.9,0,15.0,40.0,40.0,40.0,40.0,25.0,0.0
AL062018,06-09-2018/06:00:00,23.8,47.6,0,15.0,35.0,35.0,35.0,35.0,15.0,-5.0
AL062018,06-09-2018/12:00:00,24.4,48.2,0,20.0,20.0,20.0,25.0,25.0,-5.0,-20.0
AL062018,06-09-2018/18:00:00,24.8,49.0,0,5.0,10.0,15.0,15.0,20.0,-20.0,-25.0
AL062018,07-09-2018/00:00:00,25.0,49.6,0,0.0,5.0,10.0,15.0,10.0,-10.0,-10.0
AL062018,07-09-2018/06:00:00,25.0,50.3,0,0.0,0.0,0.0,10.0,5.0,-5.0,-5.0
AL062018,07-09-2018/12:00:00,24.9,51.1,0,0.0,0.0,0.0,0.0,-15.0,-15.0,0.0
AL062018,07-09-2018/18:00:00,24.8,52.0,0,0.0,-5.0,0.0,0.0,-30.0,-20.0,5.0
AL062018,08-09-2018/00:00:00,24.7,52.9,0,-5.0,-5.0,-5.0,-10.0,-20.0,-5.0,10.0
AL062018,08-09-2018/06:00:00,24.6,53.6,0,0.0,5.0,5.0,0.0,-10.0,5.0,25.0
AL062018,08-09-2018/12:00:00,24.6,54.1,0,0.0,5.0,5.0,-5.0,-10.0,10.0,25.0
AL062018,08-09-2018/18:00:00,24.6,54.5,0,10.0,10.0,5.0,-10.0,-10.0,15.0,30.0
AL062018,09-09-2018/00:00:00,24.5,55.0,0,5.0,0.0,-5.0,-5.0,5.0,20.0,25.0
AL062018,09-09-2018/06:00:00,24.4,55.5,0,0.0,-5.0,-20.0,-5.0,10.0,20.0,20.0
AL062018,09-09-2018/12:00:00,24.4,56.1,0,0.0,-10.0,-10.0,-5.0,10.0,25.0,5.0
AL062018,09-09-2018/18:00:00,24.4,56.7,0,0.0,-15.0,0.0,-5.0,20.0,30.0,-5.0
AL062018,10-09-2018/00:00:00,24.5,57.3,0,-15.0,-10.0,-5.0,10.0,25.0,30.0,-5.0
AL062018,10-09-2018/06:00:00,24.7,58.4,0,-10.0,5.0,-5.0,15.0,25.0,15.0,-15.0
AL062018,10-09-2018/12:00:00,24.9,59.5,0,0.0,0.0,10.0,15.0,30.0,-5.0,-25.0
AL062018,10-09-2018/18:00:00,25.2,60.6,0,15.0,5.0,20.0,20.0,30.0,-15.0,-25.0
AL062018,11-09-2018/00:00:00,25.6,61.8,0,0.0,10.0,20.0,25.0,30.0,-10.0,-20.0
AL062018,11-09-2018/06:00:00,26.0,63.2,0,-5.0,15.0,20.0,25.0,30.0,-10.0,-15.0
AL062018,11-09-2018/12:00:00,26.5,64.7,0,0.0,15.0,25.0,25.0,25.0,-15.0,-10.0
AL062018,11-09-2018/18:00:00,27.2,66.4,0,15.0,25.0,30.0,30.0,35.0,-10.0,-5.0
AL062018,12-09-2018/00:00:00,27.9,68.1,0,10.0,30.0,35.0,25.0,35.0,0.0,0.0
AL062018,12-09-2018/06:00:00,28.7,69.5,0,10.0,25.0,30.0,20.0,30.0,5.0,0.0
AL082018,07-09-2018/12:00:00,13.4,16.8,0,0.0,-5.0,-5.0,-10.0,-30.0,-35.0,-25.0
AL082018,07-09-2018/18:00:00,13.5,17.4,0,-5.0,0.0,0.0,-5.0,-20.0,-25.0,-15.0
AL082018,08-09-2018/00:00:00,13.6,18.0,0,-10.0,-10.0,-10.0,-20.0,-30.0,-20.0,-10.0
AL082018,08-09-2018/06:00:00,13.7,18.9,0,5.0,5.0,5.0,-5.0,-15.0,-10.0,0.0
AL082018,08-09-2018/12:00:00,13.5,19.9,0,0.0,0.0,-5.0,-5.0,-15.0,-10.0,0.0
AL082018,08-09-2018/18:00:00,13.3,21.0,0,0.0,0.0,-5.0,-5.0,-5.0,-10.0,-5.0
AL082018,09-09-2018/00:00:00,13.2,22.2,0,0.0,-5.0,-5.0,-5.0,0.0,-5.0,-10.0
AL082018,09-09-2018/06:00:00,13.1,23.4,0,0.0,-5.0,-5.0,-5.0,0.0,0.0,-10.0
AL082018,09-09-2018/12:00:00,13.2,24.5,0,-10.0,-10.0,-10.0,-5.0,0.0,5.0,-5.0
AL082018,09-09-2018/18:00:00,13.4,25.6,0,-5.0,-5.0,-5.0,0.0,5.0,5.0,-5.0
AL082018,10-09-2018/00:00:00,13.7,26.7,0,0.0,-5.0,-5.0,0.0,0.0,0.0,-5.0
AL082018,10-09-2018/06:00:00,14.0,28.0,0,-10.0,-10.0,-5.0,0.0,0.0,-5.0,-10.0
AL082018,10-09-2018/12:00:00,14.4,29.4,0,5.0,5.0,5.0,-5.0,0.0,-10.0,-5.0
AL082018,10-09-2018/18:00:00,14.8,30.8,0,5.0,10.0,5.0,0.0,0.0,-10.0,-5.0
AL082018,11-09-2018/00:00:00,15.3,32.1,0,0.0,0.0,-5.0,-5.0,0.0,-10.0,5.0
AL082018,11-09-2018/06:00:00,15.7,33.2,0,10.0,5.0,0.0,0.0,-5.0,-10.0,5.0
AL092018,07-09-2018/18:00:00,13.7,34.9,0,0.0,-10.0,-10.0,-10.0,-5.0,10.0,25.0
AL092018,08-09-2018/00:00:00,13.9,34.9,0,0.0,-10.0,-10.0,-10.0,15.0,25.0,40.0
AL092018,08-09-2018/06:00:00,14.2,35.2,0,-5.0,-10.0,-15.0,-10.0,15.0,25.0,40.0
AL092018,08-09-2018/12:00:00,14.4,35.8,0,-10.0,-15.0,-15.0,-5.0,15.0,25.0,35.0
AL092018,08-09-2018/18:00:00,14.5,36.3,0,-10.0,-10.0,-5.0,0.0,15.0,25.0,35.0
AL092018,09-09-2018/00:00:00,14.4,37.0,0,-5.0,-5.0,5.0,15.0,30.0,35.0,40.0
AL092018,09-09-2018/06:00:00,14.3,37.7,0,-5.0,-5.0,5.0,20.0,30.0,40.0,35.0
AL092018,09-09-2018/12:00:00,14.3,38.7,0,0.0,10.0,25.0,25.0,25.0,30.0,25.0
AL092018,09-09-2018/18:00:00,14.4,39.8,0,5.0,15.0,25.0,25.0,20.0,25.0,15.0
AL092018,10-09-2018/00:00:00,14.5,41.0,0,10.0,20.0,25.0,30.0,30.0,25.0,20.0
AL132018,28-09-2018/18:00:00,36.3,47.4,0,5.0,0.0,5.0,5.0,5.0,0.0,-15.0
AL132018,29-09-2018/00:00:00,35.9,48.9,0,5.0,0.0,5.0,5.0,10.0,5.0,-5.0
AL132018,29-09-2018/06:00:00,35.4,50.0,0,0.0,0.0,5.0,0.0,5.0,0.0,0.0
AL132018,29-09-2018/12:00:00,34.7,50.6,0,0.0,0.0,5.0,0.0,0.0,-15.0,0.0
AL132018,29-09-2018/18:00:00,34.3,51.3,0,0.0,5.0,0.0,5.0,-5.0,-15.0,5.0
AL132018,30-09-2018/00:00:00,34.0,51.7,0,0.0,5.0,0.0,5.0,5.0,-15.0,5.0
AL132018,30-09-2018/06:00:00,33.8,52.2,0,0.0,0.0,5.0,0.0,0.0,-5.0,5.0
AL132018,30-09-2018/12:00:00,33.7,52.6,0,5.0,5.0,5.0,5.0,-10.0,0.0,5.0
AL132018,30-09-2018/18:00:00,33.6,53.0,0,0.0,5.0,5.0,5.0,-10.0,0.0,10.0
AL132018,01-10-2018/00:00:00,33.5,53.4,0,0.0,5.0,5.0,5.0,-10.0,5.0,10.0
AL132018,01-10-2018/06:00:00,33.3,53.7,0,5.0,5.0,5.0,5.0,0.0,10.0,10.0
AL132018,01-10-2018/12:00:00,33.1,54.1,0,5.0,10.0,10.0,-5.0,0.0,5.0,10.0
AL132018,01-10-2018/18:00:00,32.8,54.4,0,0.0,5.0,5.0,-5.0,5.0,10.0,10.0
AL132018,02-10-2018/00:00:00,32.4,54.9,0,0.0,5.0,-5.0,-5.0,10.0,10.0,5.0
AL132018,02-10-2018/06:00:00,31.9,55.4,0,0.0,0.0,-5.0,0.0,10.0,10.0,5.0
AL132018,02-10-2018/12:00:00,31.2,55.9,0,0.0,-10.0,-5.0,5.0,5.0,10.0,5.0
AL132018,02-10-2018/18:00:00,30.4,56.2,0,0.0,-5.0,5.0,10.0,15.0,10.0,5.0
AL132018,03-10-2018/00:00:00,29.8,56.6,0,-10.0,-5.0,10.0,15.0,15.0,10.0,10.0
AL132018,03-10-2018/06:00:00,29.6,56.8,0,-10.0,0.0,15.0,15.0,15.0,10.0,10.0
AL132018,03-10-2018/12:00:00,29.5,56.8,0,0.0,10.0,20.0,15.0,15.0,10.0,10.0
AL132018,03-10-2018/18:00:00,29.8,56.9,0,5.0,15.0,15.0,15.0,10.0,5.0,5.0
AL132018,04-10-2018/00:00:00,30.3,57.0,0,5.0,15.0,10.0,15.0,10.0,10.0,0.0
AL132018,04-10-2018/06:00:00,30.9,57.1,0,5.0,10.0,10.0,10.0,5.0,5.0,-5.0
AL132018,04-10-2018/12:00:00,31.7,57.2,0,10.0,5.0,10.0,5.0,0.0,5.0,-5.0
AL132018,04-10-2018/18:00:00,32.8,57.3,0,5.0,10.0,5.0,5.0,0.0,0.0,-10.0
AL132018,05-10-2018/00:00:00,34.2,57.6,0,-5.0,0.0,0.0,0.0,5.0,-5.0,-15.0
AL132018,05-10-2018/06:00:00,35.2,58.2,0,0.0,0.0,0.0,0.0,0.0,-10.0,-15.0
AL132018,05-10-2018/12:00:00,35.9,58.3,0,0.0,0.0,0.0,-5.0,0.0,-5.0,-15.0
AL132018,05-10-2018/18:00:00,36.2,58.1,0,0.0,0.0,0.0,-5.0,-5.0,-10.0,-10.0
AL132018,06-10-2018/00:00:00,36.5,57.6,0,0.0,0.0,0.0,0.0,-10.0,-15.0,-15.0
AL132018,06-10-2018/06:00:00,36.9,57.0,0,0.0,0.0,-5.0,-5.0,-10.0,-15.0,-20.0
AL132018,06-10-2018/12:00:00,37.4,56.4,0,0.0,-5.0,0.0,-5.0,-10.0,-15.0,-20.0
AL132018,06-10-2018/18:00:00,37.5,55.1,0,-5.0,-5.0,0.0,0.0,-5.0,-10.0,-20.0
AL132018,07-10-2018/00:00:00,37.4,53.7,0,-5.0,0.0,0.0,-5.0,-10.0,-15.0,-25.0
AL132018,07-10-2018/06:00:00,37.1,52.5,0,-5.0,0.0,0.0,0.0,-10.0,-15.0,-30.0
AL132018,07-10-2018/12:00:00,36.5,51.6,0,5.0,5.0,0.0,0.0,-5.0,-10.0,-20.0
AL132018,07-10-2018/18:00:00,36.1,50.5,0,5.0,0.0,0.0,-5.0,-5.0,-10.0,-15.0
AL132018,08-10-2018/00:00:00,35.8,49.4,0,0.0,-10.0,-5.0,-10.0,-10.0,-15.0,-10.0
AL132018,08-10-2018/06:00:00,35.5,48.5,0,-5.0,-5.0,-5.0,-5.0,-5.0,-10.0,0.0
AL132018,08-10-2018/12:00:00,34.9,47.4,0,-5.0,-5.0,-10.0,-5.0,-5.0,-5.0,0.0
AL052019,24-08-2019/12:00:00,10.4,47.5,0,-5.0,-5.0,-5.0,0.0,10.0,5.0,0.0
AL052019,24-08-2019/18:00:00,10.6,48.7,0,5.0,0.0,5.0,10.0,20.0,5.0,-5.0
AL052019,25-08-2019/00:00:00,10.8,49.9,0,0.0,0.0,5.0,10.0,15.0,-5.0,-25.0
AL052019,25-08-2019/06:00:00,11.0,51.0,0,-5.0,0.0,5.0,10.0,10.0,-15.0,-55.0
AL052019,25-08-2019/12:00:00,11.2,52.3,0,-5.0,0.0,5.0,10.0,5.0,-15.0,-70.0
AL052019,25-08-2019/18:00:00,11.4,53.5,0,5.0,10.0,10.0,15.0,-5.0,-15.0,-75.0
AL052019,26-08-2019/00:00:00,11.6,54.7,0,5.0,10.0,10.0,10.0,-10.0,-40.0,-90.0
AL052019,26-08-2019/06:00:00,11.9,56.0,0,5.0,10.0,10.0,5.0,-10.0,-60.0,-90.0
AL052019,26-08-2019/12:00:00,12.2,57.2,0,10.0,15.0,15.0,10.0,-5.0,-55.0,-80.0
AL052019,26-08-2019/18:00:00,12.6,58.3,0,10.0,15.0,10.0,0.0,-25.0,-45.0,-70.0
AL052019,27-08-2019/00:00:00,13.0,59.2,0,5.0,5.0,0.0,-10.0,-30.0,-60.0,-75.0
AL052019,27-08-2019/06:00:00,13.5,60.2,0,5.0,0.0,-10.0,-15.0,-40.0,-60.0,-85.0
AL052019,27-08-2019/12:00:00,14.2,61.2,0,0.0,-5.0,-15.0,-15.0,-40.0,-65.0,-95.0
AL052019,27-08-2019/18:00:00,15.0,62.0,0,-5.0,-15.0,-35.0,-30.0,-45.0,-70.0,-100.0
AL052019,28-08-2019/00:00:00,15.7,62.8,0,-5.0,-30.0,-25.0,-25.0,-50.0,-65.0,-90.0
AL052019,28-08-2019/06:00:00,16.4,63.5,0,-10.0,-15.0,-15.0,-25.0,-40.0,-60.0,-60.0
AL052019,28-08-2019/12:00:00,17.3,64.2,0,-10.0,-10.0,-10.0,-20.0,-35.0,-55.0,-35.0
AL052019,28-08-2019/18:00:00,18.4,65.1,0,0.0,5.0,-5.0,-10.0,-30.0,-60.0,-40.0
AL052019,29-08-2019/00:00:00,19.2,65.7,0,5.0,5.0,-5.0,-20.0,-35.0,-55.0,-35.0
AL052019,29-08-2019/06:00:00,20.0,66.3,0,10.0,5.0,0.0,-15.0,-35.0,-35.0,-30.0
AL052019,29-08-2019/12:00:00,21.0,66.9,0,5.0,5.0,-10.0,-15.0,-40.0,-20.0,-35.0
AL052019,29-08-2019/18:00:00,22.0,67.4,0,0.0,0.0,-15.0,-20.0,-45.0,-10.0,-30.0
AL052019,30-08-2019/00:00:00,22.8,68.0,0,5.0,-10.0,-15.0,-25.0,-35.0,5.0,-25.0
AL052019,30-08-2019/06:00:00,23.5,68.8,0,0.0,-15.0,-20.0,-30.0,-25.0,10.0,-25.0
AL052019,30-08-2019/12:00:00,24.3,69.5,0,-10.0,-15.0,-20.0,-40.0,-15.0,10.0,-25.0
AL052019,30-08-2019/18:00:00,24.8,70.3,0,-15.0,-20.0,-30.0,-40.0,-5.0,25.0,-10.0
AL052019,31-08-2019/00:00:00,25.3,71.1,0,5.0,-5.0,-30.0,-30.0,0.0,20.0,-10.0
AL052019,31-08-2019/06:00:00,25.6,72.1,0,-5.0,-20.0,-35.0,-25.0,10.0,20.0,-5.0
AL052019,31-08-2019/12:00:00,25.9,73.0,0,0.0,-25.0,-30.0,-15.0,15.0,10.0,-5.0
AL052019,31-08-2019/18:00:00,26.1,74.0,0,-10.0,-30.0,-20.0,-5.0,15.0,0.0,-10.0
AL052019,01-09-2019/00:00:00,26.3,74.7,0,-20.0,-25.0,-10.0,5.0,20.0,-5.0,-5.0
AL052019,01-09-2019/06:00:00,26.4,75.6,0,-25.0,-20.0,-5.0,15.0,10.0,-15.0,-10.0
AL052019,01-09-2019/12:00:00,26.5,76.5,0,-5.0,10.0,20.0,20.0,10.0,-15.0,-5.0
AL052019,01-09-2019/18:00:00,26.5,77.1,0,10.0,20.0,30.0,30.0,10.0,-5.0,-5.0
AL052019,02-09-2019/00:00:00,26.6,77.7,0,10.0,20.0,25.0,30.0,5.0,-5.0,-10.0
AL052019,02-09-2019/06:00:00,26.6,78.0,0,15.0,25.0,25.0,20.0,0.0,-5.0,-10.0
AL052019,02-09-2019/12:00:00,26.7,78.3,0,15.0,25.0,25.0,20.0,-5.0,0.0,-10.0
AL082019,03-09-2019/18:00:00,18.1,32.1,0,-5.0,-5.0,0.0,5.0,0.0,0.0,-10.0
AL082019,04-09-2019/00:00:00,18.7,32.6,0,-10.0,-5.0,0.0,15.0,0.0,5.0,-5.0
AL082019,04-09-2019/06:00:00,19.5,33.2,0,-5.0,-5.0,5.0,10.0,5.0,0.0,0.0
AL082019,04-09-2019/12:00:00,20.1,33.6,0,0.0,0.0,10.0,5.0,5.0,5.0,5.0
AL082019,04-09-2019/18:00:00,20.5,33.7,0,5.0,10.0,10.0,0.0,5.0,0.0,15.0
AL082019,05-09-2019/00:00:00,20.8,33.9,0,0.0,10.0,5.0,-5.0,10.0,10.0,20.0
AL082019,05-09-2019/06:00:00,21.5,34.5,0,5.0,10.0,0.0,0.0,5.0,10.0,15.0
AL092019,13-09-2019/18:00:00,25.2,74.7,0,-5.0,-10.0,-5.0,-5.0,-10.0,-25.0,-35.0
AL092019,14-09-2019/00:00:00,25.6,75.2,0,-5.0,-10.0,-5.0,-5.0,-10.0,-25.0,-35.0
AL092019,14-09-2019/06:00:00,26.0,75.9,0,-5.0,-5.0,-5.0,-5.0,-10.0,-25.0,-30.0
AL092019,14-09-2019/12:00:00,26.5,76.5,0,5.0,5.0,0.0,-5.0,-10.0,-20.0,-5.0
AL092019,14-09-2019/18:00:00,27.0,77.0,0,5.0,0.0,-5.0,0.0,-10.0,-20.0,0.0
AL102019,17-09-2019/12:00:00,13.0,44.4,0,5.0,-5.0,-10.0,-15.0,-10.0,20.0,25.0
AL102019,17-09-2019/18:00:00,13.3,45.4,0,0.0,-10.0,-15.0,-25.0,0.0,20.0,25.0
AL102019,18-09-2019/00:00:00,13.6,46.3,0,-10.0,-10.0,-20.0,-35.0,5.0,15.0,20.0
AL102019,18-09-2019/06:00:00,14.0,47.4,0,-5.0,-5.0,-20.0,-20.0,10.0,10.0,10.0
AL102019,18-09-2019/12:00:00,14.4,48.6,0,0.0,-10.0,-25.0,-10.0,10.0,10.0,5.0
AL102019,18-09-2019/18:00:00,14.8,49.9,0,0.0,-10.0,-15.0,0.0,5.0,5.0,5.0
AL102019,19-09-2019/00:00:00,15.2,51.2,0,-5.0,-15.0,0.0,15.0,15.0,10.0,10.0
AL102019,19-09-2019/06:00:00,15.8,52.5,0,-10.0,-15.0,0.0,10.0,5.0,10.0,15.0
AL102019,19-09-2019/12:00:00,16.5,53.8,0,-15.0,0.0,10.0,10.0,5.0,10.0,20.0
AL122019,22-09-2019/06:00:00,11.8,59.9,0,0.0,5.0,5.0,0.0,5.0,15.0,20.0
AL122019,22-09-2019/12:00:00,12.1,61.1,0,0.0,5.0,5.0,0.0,10.0,10.0,25.0
AL132019,23-09-2019/00:00:00,11.0,20.4,0,-5.0,-5.0,0.0,5.0,-5.0,-30.0,-10.0
AL132019,23-09-2019/06:00:00,11.0,21.9,0,-5.0,-10.0,0.0,-5.0,-15.0,-30.0,-10.0
AL132019,23-09-2019/12:00:00,11.1,23.3,0,-5.0,-5.0,0.0,-5.0,-20.0,-25.0,-10.0
AL132019,23-09-2019/18:00:00,11.2,24.6,0,-5.0,5.0,0.0,-5.0,-30.0,-15.0,-15.0
AL132019,24-09-2019/00:00:00,11.4,25.9,0,0.0,5.0,0.0,-5.0,-35.0,-5.0,-30.0
AL132019,24-09-2019/06:00:00,11.8,27.2,0,10.0,10.0,5.0,0.0,-25.0,5.0,-25.0
AL132019,24-09-2019/12:00:00,12.2,28.7,0,5.0,0.0,0.0,-10.0,-20.0,0.0,-10.0
AL132019,24-09-2019/18:00:00,12.6,30.2,0,-5.0,-5.0,-10.0,-25.0,-10.0,-10.0,10.0
AL132019,25-09-2019/00:00:00,13.0,31.6,0,-5.0,-5.0,-15.0,-30.0,-5.0,-25.0,15.0
AL132019,25-09-2019/06:00:00,13.4,33.0,0,5.0,0.0,-15.0,-20.0,5.0,-25.0,15.0
AL132019,25-09-2019/12:00:00,13.9,34.5,0,0.0,-5.0,-15.0,-10.0,5.0,-5.0,15.0
AL132019,25-09-2019/18:00:00,14.4,36.0,0,-5.0,-10.0,-15.0,0.0,-10.0,15.0,10.0
AL132019,26-09-2019/00:00:00,14.5,37.5,0,-10.0,-20.0,-10.0,5.0,-25.0,10.0,5.0
AL132019,26-09-2019/06:00:00,14.7,38.8,0,-15.0,-20.0,-5.0,5.0,-30.0,10.0,10.0
AL132019,26-09-2019/12:00:00,15.2,39.8,0,0.0,5.0,15.0,5.0,-10.0,10.0,5.0
AL132019,26-09-2019/18:00:00,16.0,40.6,0,0.0,10.0,15.0,-5.0,10.0,5.0,5.0
AL132019,27-09-2019/00:00:00,17.1,41.2,0,5.0,15.0,10.0,-20.0,10.0,5.0,0.0
AL132019,27-09-2019/06:00:00,18.1,41.9,0,15.0,20.0,0.0,-20.0,10.0,10.0,5.0
AL032020,01-06-2020/18:00:00,19.4,90.9,0,0.0,-5.0,-10.0,0.0,15.0,0.0,5.0
AL032020,02-06-2020/00:00:00,19.6,91.6,0,-5.0,-10.0,-10.0,5.0,15.0,-5.0,5.0
AL032020,02-06-2020/06:00:00,19.6,92.1,0,-5.0,-10.0,-5.0,10.0,10.0,0.0,10.0
AL032020,02-06-2020/12:00:00,19.5,92.5,0,-10.0,-10.0,0.0,15.0,5.0,5.0,10.0
AL032020,02-06-2020/18:00:00,19.2,92.6,0,-10.0,-10.0,-5.0,0.0,-5.0,0.0,10.0
AL032020,03-06-2020/00:00:00,19.0,92.5,0,0.0,-5.0,0.0,0.0,-10.0,5.0,10.0
AL032020,03-06-2020/06:00:00,18.9,92.3,0,0.0,0.0,0.0,-5.0,-10.0,5.0,20.0
AL032020,03-06-2020/12:00:00,18.8,92.2,0,5.0,5.0,0.0,-10.0,5.0,10.0,15.0
AL032020,03-06-2020/18:00:00,18.5,91.9,0,5.0,5.0,-5.0,-15.0,5.0,10.0,15.0
AL032020,04-06-2020/00:00:00,18.2,91.7,0,5.0,0.0,-10.0,-10.0,5.0,5.0,5.0
AL032020,04-06-2020/06:00:00,17.9,91.5,0,0.0,-5.0,-10.0,-10.0,5.0,15.0,5.0
AL032020,04-06-2020/12:00:00,17.7,91.2,0,0.0,-10.0,-15.0,-5.0,5.0,5.0,0.0
AL032020,04-06-2020/18:00:00,17.6,90.8,0,-10.0,-20.0,-15.0,-5.0,5.0,5.0,-5.0
AL092020,30-07-2020/00:00:00,15.8,65.7,0,-10.0,-25.0,-20.0,-25.0,-5.0,-5.0,-30.0
AL092020,30-07-2020/06:00:00,16.7,67.2,0,-15.0,-25.0,-20.0,-20.0,5.0,0.0,0.0
AL092020,30-07-2020/12:00:00,17.7,68.5,0,-20.0,-15.0,-20.0,-10.0,5.0,0.0,0.0
AL092020,30-07-2020/18:00:00,18.9,69.8,0,-15.0,-10.0,-10.0,5.0,5.0,0.0,5.0
AL132020,20-08-2020/00:00:00,14.4,47.3,0,0.0,5.0,0.0,5.0,10.0,5.0,5.0
AL132020,20-08-2020/06:00:00,15.4,49.6,0,0.0,5.0,0.0,5.0,10.0,10.0,0.0
AL132020,20-08-2020/12:00:00,16.1,51.6,0,5.0,0.0,5.0,5.0,15.0,15.0,0.0
AL132020,20-08-2020/18:00:00,16.6,53.4,0,0.0,-5.0,0.0,0.0,5.0,15.0,-5.0
AL132020,21-08-2020/00:00:00,16.8,55.5,0,-10.0,-5.0,-5.0,0.0,0.0,10.0,-10.0
AL132020,21-08-2020/06:00:00,16.9,57.5,0,-10.0,-5.0,-5.0,0.0,5.0,5.0,-25.0
AL132020,21-08-2020/12:00:00,17.0,59.4,0,0.0,0.0,0.0,0.0,5.0,0.0,-35.0
AL132020,21-08-2020/18:00:00,17.1,61.1,0,0.0,0.0,5.0,0.0,5.0,-5.0,-55.0
AL132020,22-08-2020/00:00:00,17.1,62.8,0,-5.0,-5.0,-5.0,-10.0,0.0,-10.0,-65.0
AL132020,22-08-2020/06:00:00,17.4,64.4,0,-5.0,-5.0,-10.0,-5.0,-5.0,-15.0,-75.0
AL132020,22-08-2020/12:00:00,17.7,65.9,0,-5.0,-5.0,-10.0,-5.0,0.0,-25.0,-45.0
AL132020,22-08-2020/18:00:00,17.9,67.4,0,0.0,-10.0,-5.0,-5.0,-5.0,-45.0,-25.0
AL132020,23-08-2020/00:00:00,18.2,68.8,0,0.0,-10.0,-5.0,-5.0,0.0,-50.0,-5.0
AL132020,23-08-2020/06:00:00,18.5,70.3,0,-15.0,-10.0,-10.0,-15.0,-15.0,-45.0,5.0
AL132020,23-08-2020/12:00:00,18.8,72.3,0,-10.0,-5.0,-10.0,-15.0,-20.0,0.0,5.0
AL132020,23-08-2020/18:00:00,19.4,74.3,0,0.0,0.0,-5.0,-10.0,-30.0,-10.0,0.0
AL132020,24-08-2020/00:00:00,19.8,76.0,0,5.0,5.0,0.0,-5.0,-40.0,5.0,0.0
AL172020,07-09-2020/00:00:00,16.9,41.3,0,-5.0,-5.0,-10.0,-5.0,5.0,0.0,-15.0
AL172020,07-09-2020/06:00:00,17.0,41.8,0,0.0,-10.0,-10.0,-5.0,0.0,-10.0,-15.0
AL172020,07-09-2020/12:00:00,17.1,42.1,0,0.0,-10.0,-5.0,0.0,5.0,-10.0,-15.0
AL172020,07-09-2020/18:00:00,17.3,42.3,0,-5.0,-5.0,0.0,0.0,5.0,-5.0,-10.0
AL172020,08-09-2020/00:00:00,17.6,42.4,0,-5.0,0.0,5.0,5.0,0.0,-15.0,-15.0
AL172020,08-09-2020/06:00:00,17.9,42.6,0,0.0,5.0,5.0,5.0,-5.0,-15.0,-15.0
AL172020,08-09-2020/12:00:00,18.3,43.0,0,10.0,10.0,10.0,10.0,-5.0,-10.0,-20.0
AL172020,08-09-2020/18:00:00,18.6,43.7,0,10.0,5.0,5.0,5.0,-10.0,-15.0,-25.0
AL172020,09-09-2020/00:00:00,18.9,44.5,0,0.0,0.0,0.0,-5.0,-20.0,-20.0,-20.0
AL172020,09-09-2020/06:00:00,19.2,45.2,0,0.0,-5.0,0.0,-15.0,-20.0,-20.0,-30.0
AL172020,09-09-2020/12:00:00,19.6,46.0,0,0.0,0.0,-5.0,-15.0,-20.0,-25.0,-35.0
AL172020,09-09-2020/18:00:00,20.0,46.8,0,0.0,0.0,-15.0,-15.0,-15.0,-25.0,-35.0
AL172020,10-09-2020/00:00:00,20.4,47.6,0,5.0,-5.0,-15.0,-20.0,-20.0,-20.0,-25.0
AL172020,10-09-2020/06:00:00,20.8,48.3,0,5.0,-10.0,-15.0,-20.0,-15.0,-15.0,-15.0
AL172020,10-09-2020/12:00:00,21.3,48.9,0,-5.0,-15.0,-20.0,-15.0,-10.0,-15.0,-15.0
AL172020,10-09-2020/18:00:00,21.8,49.6,0,-15.0,-15.0,-15.0,-15.0,-10.0,-15.0,-5.0
AL172020,11-09-2020/00:00:00,22.3,50.3,0,0.0,-5.0,0.0,0.0,5.0,-5.0,5.0
AL172020,11-09-2020/06:00:00,22.8,51.1,0,0.0,-5.0,0.0,0.0,5.0,0.0,10.0
AL182020,07-09-2020/06:00:00,15.2,19.8,0,0.0,5.0,20.0,25.0,30.0,35.0,35.0
AL182020,07-09-2020/12:00:00,15.6,20.7,0,0.0,10.0,20.0,20.0,25.0,35.0,35.0
AL182020,07-09-2020/18:00:00,15.9,21.8,0,5.0,20.0,25.0,25.0,30.0,35.0,35.0
AL182020,08-09-2020/00:00:00,16.1,22.9,0,0.0,15.0,15.0,25.0,35.0,30.0,25.0
AL182020,08-09-2020/06:00:00,16.3,24.2,0,5.0,15.0,20.0,30.0,35.0,30.0,25.0
AL182020,08-09-2020/12:00:00,16.4,25.7,0,5.0,10.0,20.0,25.0,35.0,30.0,20.0
AL182020,08-09-2020/18:00:00,16.6,27.1,0,10.0,15.0,25.0,25.0,30.0,25.0,25.0
AL182020,09-09-2020/00:00:00,16.8,28.6,0,0.0,5.0,10.0,25.0,25.0,20.0,15.0
AL182020,09-09-2020/06:00:00,17.1,30.0,0,0.0,5.0,10.0,25.0,25.0,20.0,15.0
AL182020,09-09-2020/12:00:00,17.3,31.2,0,5.0,5.0,15.0,25.0,30.0,20.0,15.0
AL192020,11-09-2020/18:00:00,25.4,78.6,0,0.0,-5.0,-10.0,-5.0,-15.0,-10.0,-35.0
AL192020,12-09-2020/00:00:00,25.6,79.4,0,-5.0,0.0,-10.0,-5.0,-15.0,-15.0,-10.0
AL192020,12-09-2020/06:00:00,25.6,80.2,0,-5.0,-10.0,-10.0,-5.0,-10.0,-40.0,-5.0
AL202020,12-09-2020/18:00:00,11.4,33.3,0,0.0,5.0,5.0,10.0,15.0,-5.0,-35.0
AL202020,13-09-2020/00:00:00,11.6,34.2,0,0.0,0.0,10.0,10.0,15.0,5.0,-30.0
AL202020,13-09-2020/06:00:00,11.9,35.1,0,0.0,5.0,10.0,10.0,0.0,0.0,-30.0
AL202020,13-09-2020/12:00:00,12.2,36.2,0,0.0,10.0,10.0,10.0,0.0,-5.0,-15.0
AL202020,13-09-2020/18:00:00,12.6,37.4,0,0.0,5.0,10.0,15.0,5.0,-15.0,-5.0
AL202020,14-09-2020/00:00:00,12.9,38.7,0,0.0,0.0,0.0,5.0,5.0,-20.0,-5.0
AL202020,14-09-2020/06:00:00,12.9,40.4,0,0.0,0.0,10.0,-5.0,5.0,-15.0,0.0
AL202020,14-09-2020/12:00:00,12.9,42.1,0,0.0,0.0,0.0,-10.0,-5.0,-10.0,0.0
AL202020,14-09-2020/18:00:00,12.9,43.4,0,5.0,15.0,-5.0,0.0,-15.0,0.0,0.0
AL202020,15-09-2020/00:00:00,13.0,44.5,0,0.0,5.0,-5.0,5.0,-15.0,0.0,10.0
AL202020,15-09-2020/06:00:00,13.4,45.5,0,5.0,-5.0,0.0,0.0,-10.0,10.0,15.0
AL202020,15-09-2020/12:00:00,13.8,46.6,0,0.0,-10.0,0.0,-5.0,-5.0,10.0,15.0
AL202020,15-09-2020/18:00:00,14.2,47.4,0,-15.0,-10.0,-5.0,-20.0,-5.0,5.0,15.0
AL202020,16-09-2020/00:00:00,14.7,48.0,0,-20.0,-10.0,-15.0,-30.0,-5.0,5.0,15.0
AL202020,16-09-2020/06:00:00,15.4,48.6,0,10.0,20.0,0.0,0.0,5.0,10.0,15.0
AL202020,16-09-2020/12:00:00,16.1,49.3,0,10.0,10.0,-5.0,5.0,5.0,10.0,10.0
AL202020,16-09-2020/18:00:00,16.8,50.2,0,0.0,-15.0,-10.0,0.0,0.0,10.0,5.0
AL202020,17-09-2020/00:00:00,17.4,51.1,0,-15.0,-25.0,-10.0,-5.0,0.0,10.0,5.0
AL202020,17-09-2020/06:00:00,18.1,52.0,0,-25.0,-15.0,0.0,5.0,10.0,15.0,0.0
AL202020,17-09-2020/12:00:00,18.9,52.8,0,-5.0,5.0,10.0,10.0,15.0,15.0,-5.0
AL202020,17-09-2020/18:00:00,19.7,53.7,0,15.0,20.0,25.0,20.0,25.0,15.0,0.0
AL202020,18-09-2020/00:00:00,20.4,54.4,0,15.0,15.0,15.0,15.0,25.0,5.0,0.0
AL222020,17-09-2020/18:00:00,21.8,94.4,0,0.0,-5.0,-5.0,5.0,5.0,15.0,25.0
AL262020,04-10-2020/18:00:00,16.4,76.2,0,0.0,-20.0,-30.0,-60.0,5.0,-15.0,-5.0
AL262020,05-10-2020/00:00:00,16.4,77.0,0,-5.0,-25.0,-50.0,-35.0,5.0,-15.0,0.0
AL262020,05-10-2020/06:00:00,16.4,77.7,0,-20.0,-30.0,-60.0,-20.0,5.0,-20.0,5.0
AL262020,05-10-2020/12:00:00,16.4,78.4,0,-15.0,-40.0,-25.0,0.0,0.0,-15.0,5.0
AL272020,19-10-2020/06:00:00,25.5,55.9,0,-5.0,0.0,-5.0,-20.0,-25.0,-5.0,0.0
AL272020,19-10-2020/12:00:00,25.4,55.6,0,0.0,0.0,-10.0,-25.0,-10.0,0.0,5.0
AL272020,19-10-2020/18:00:00,25.3,55.4,0,0.0,0.0,-15.0,-35.0,0.0,5.0,10.0
AL272020,20-10-2020/00:00:00,25.2,55.2,0,-5.0,-15.0,-30.0,-40.0,-5.0,0.0,10.0
AL272020,20-10-2020/06:00:00,25.5,54.9,0,-10.0,-25.0,-45.0,-30.0,-5.0,0.0,5.0
AL272020,20-10-2020/12:00:00,26.2,54.7,0,-15.0,-30.0,-45.0,-20.0,-5.0,-5.0,5.0
AL272020,20-10-2020/18:00:00,27.3,55.3,0,-10.0,-30.0,-15.0,0.0,0.0,5.0,10.0
AL272020,21-10-2020/00:00:00,28.3,56.3,0,-15.0,-25.0,-5.0,0.0,0.0,5.0,0.0
AL292020,06-11-2020/06:00:00,16.7,87.6,0,5.0,5.0,-10.0,-5.0,0.0,10.0,-5.0
AL292020,06-11-2020/12:00:00,16.9,87.4,0,5.0,-5.0,-10.0,0.0,5.0,0.0,-15.0
AL292020,06-11-2020/18:00:00,17.1,87.1,0,0.0,-15.0,-10.0,-5.0,10.0,0.0,-10.0
AL292020,07-11-2020/00:00:00,17.5,86.4,0,-5.0,-10.0,0.0,0.0,5.0,-10.0,-10.0
AL292020,07-11-2020/06:00:00,18.2,85.1,0,-15.0,-10.0,-5.0,0.0,5.0,-15.0,-10.0
AL292020,07-11-2020/12:00:00,19.1,83.2,0,-15.0,-5.0,-5.0,5.0,0.0,-20.0,0.0
AL292020,07-11-2020/18:00:00,19.8,81.5,0,0.0,5.0,5.0,10.0,0.0,-10.0,10.0
AL292020,08-11-2020/00:00:00,20.4,80.2,0,0.0,5.0,10.0,10.0,5.0,0.0,5.0
AL292020,08-11-2020/06:00:00,21.1,79.5,0,0.0,5.0,15.0,15.0,0.0,5.0,10.0
AL302020,10-11-2020/00:00:00,28.8,41.0,0,-10.0,-5.0,-5.0,-10.0,0.0,10.0,15.0
AL302020,10-11-2020/06:00:00,28.8,39.5,0,-10.0,-5.0,-5.0,-5.0,-5.0,10.0,15.0
AL312020,13-11-2020/12:00:00,14.4,73.7,0,0.0,5.0,5.0,0.0,-40.0,-25.0,0.0
AL052021,30-06-2021/18:00:00,9.4,42.8,0,0.0,-5.0,-10.0,-30.0,-10.0,0.0,-5.0
AL052021,01-07-2021/00:00:00,9.3,45.3,0,0.0,-5.0,-15.0,-20.0,-5.0,-5.0,0.0
AL052021,01-07-2021/06:00:00,9.4,47.7,0,-5.0,-5.0,-25.0,-10.0,-5.0,-5.0,5.0
AL052021,01-07-2021/12:00:00,9.9,50.2,0,-5.0,-15.0,-20.0,-10.0,-5.0,-5.0,-5.0
AL052021,01-07-2021/18:00:00,10.7,52.6,0,-10.0,-25.0,-15.0,-10.0,0.0,-5.0,-10.0
AL052021,02-07-2021/00:00:00,11.5,55.0,0,-10.0,-15.0,-5.0,0.0,-5.0,0.0,-15.0
AL052021,02-07-2021/06:00:00,12.3,57.3,0,-20.0,-5.0,0.0,5.0,0.0,5.0,0.0
AL052021,02-07-2021/12:00:00,13.0,59.8,0,0.0,10.0,15.0,15.0,0.0,0.0,-15.0
AL052021,02-07-2021/18:00:00,13.8,62.4,0,10.0,15.0,15.0,20.0,0.0,-5.0,-5.0
AL052021,03-07-2021/00:00:00,14.7,65.1,0,10.0,20.0,25.0,15.0,5.0,-15.0,-10.0
AL052021,03-07-2021/06:00:00,15.7,67.9,0,5.0,10.0,10.0,0.0,5.0,0.0,-5.0
AL052021,03-07-2021/12:00:00,16.6,70.3,0,5.0,10.0,0.0,-10.0,0.0,-5.0,-5.0
AL052021,03-07-2021/18:00:00,17.2,72.5,0,5.0,10.0,0.0,-10.0,-5.0,0.0,-10.0
AL052021,04-07-2021/00:00:00,17.6,74.4,0,5.0,5.0,-5.0,-5.0,-15.0,0.0,-10.0
AL052021,04-07-2021/06:00:00,18.0,75.5,0,10.0,5.0,-5.0,-5.0,-5.0,0.0,-15.0
AL052021,04-07-2021/12:00:00,18.5,76.5,0,0.0,5.0,0.0,-5.0,-5.0,0.0,-15.0
AL072021,13-08-2021/12:00:00,15.2,48.7,0,0.0,0.0,5.0,10.0,10.0,-10.0,-25.0
AL072021,13-08-2021/18:00:00,15.3,50.8,0,5.0,0.0,10.0,15.0,5.0,-15.0,-30.0
AL072021,14-08-2021/00:00:00,15.4,52.8,0,0.0,5.0,10.0,15.0,0.0,-10.0,-30.0
AL072021,14-08-2021/06:00:00,15.7,54.8,0,0.0,10.0,15.0,15.0,0.0,-15.0,-30.0
AL072021,14-08-2021/12:00:00,16.1,57.2,0,15.0,20.0,20.0,15.0,0.0,-20.0,-15.0
AL072021,14-08-2021/18:00:00,16.2,59.5,0,10.0,15.0,20.0,15.0,-10.0,-35.0,0.0
AL072021,15-08-2021/00:00:00,16.5,61.7,0,10.0,15.0,10.0,0.0,-15.0,-30.0,-10.0
AL072021,15-08-2021/06:00:00,16.7,63.7,0,10.0,15.0,0.0,-5.0,-20.0,-30.0,-15.0
AL072021,15-08-2021/12:00:00,16.9,65.4,0,10.0,10.0,-5.0,-10.0,-30.0,-15.0,-20.0
AL072021,15-08-2021/18:00:00,17.0,66.7,0,0.0,-5.0,-10.0,-20.0,-40.0,-10.0,-40.0
AL072021,16-08-2021/00:00:00,17.1,68.1,0,-5.0,-5.0,-15.0,-20.0,-40.0,-20.0,-60.0
AL072021,16-08-2021/06:00:00,17.2,69.6,0,-5.0,-10.0,-15.0,-20.0,-25.0,-15.0,-50.0
AL072021,16-08-2021/12:00:00,17.5,70.8,0,-5.0,-10.0,-10.0,-20.0,-10.0,-15.0,0.0
AL082021,16-08-2021/00:00:00,33.4,62.7,0,0.0,-5.0,-5.0,-10.0,-5.0,0.0,-5.0
AL082021,16-08-2021/06:00:00,32.5,62.7,0,0.0,-5.0,-10.0,-5.0,-5.0,0.0,-5.0
AL082021,16-08-2021/12:00:00,31.6,62.7,0,-5.0,-5.0,-10.0,-5.0,-10.0,-10.0,-20.0
AL082021,16-08-2021/18:00:00,31.1,62.9,0,-5.0,-10.0,-5.0,-10.0,-10.0,-15.0,-20.0
AL082021,17-08-2021/00:00:00,30.8,63.1,0,0.0,-5.0,-5.0,-10.0,-10.0,-15.0,-20.0
AL082021,17-08-2021/06:00:00,30.6,63.3,0,-5.0,0.0,-5.0,-5.0,0.0,-5.0,-10.0
AL082021,17-08-2021/12:00:00,30.4,63.6,0,-5.0,0.0,-5.0,-5.0,0.0,-10.0,0.0
AL082021,17-08-2021/18:00:00,30.3,63.9,0,5.0,0.0,0.0,5.0,5.0,5.0,30.0
AL082021,18-08-2021/00:00:00,30.2,64.5,0,5.0,0.0,0.0,5.0,10.0,15.0,50.0
AL082021,18-08-2021/06:00:00,30.1,65.3,0,0.0,0.0,5.0,5.0,10.0,10.0,40.0
AL082021,18-08-2021/12:00:00,30.0,66.2,0,0.0,0.0,5.0,5.0,10.0,20.0,40.0
AL092021,26-08-2021/12:00:00,16.5,78.9,0,-5.0,-10.0,-15.0,-5.0,-35.0,30.0,5.0
AL092021,26-08-2021/18:00:00,17.4,79.5,0,0.0,-15.0,-10.0,-10.0,-30.0,15.0,5.0
AL092021,27-08-2021/00:00:00,18.3,80.2,0,-10.0,-15.0,-5.0,-15.0,-10.0,15.0,5.0
AL092021,27-08-2021/06:00:00,19.4,80.9,0,-20.0,-10.0,-10.0,-30.0,20.0,10.0,5.0
AL122021,31-08-2021/18:00:00,11.5,20.6,0,-5.0,-15.0,-15.0,-10.0,-10.0,-20.0,-20.0
AL122021,01-09-2021/00:00:00,11.9,22.5,0,-5.0,-10.0,-10.0,-5.0,-15.0,-15.0,-15.0
AL122021,01-09-2021/06:00:00,12.2,24.5,0,-5.0,-5.0,0.0,5.0,-10.0,0.0,0.0
AL122021,01-09-2021/12:00:00,12.4,26.5,0,-5.0,-5.0,0.0,10.0,-5.0,-5.0,0.0
AL122021,01-09-2021/18:00:00,12.5,28.4,0,5.0,15.0,15.0,10.0,0.0,-5.0,0.0
AL122021,02-09-2021/00:00:00,12.7,30.0,0,0.0,10.0,15.0,0.0,5.0,0.0,5.0
AL122021,02-09-2021/06:00:00,13.0,31.6,0,5.0,5.0,5.0,-10.0,5.0,10.0,10.0
AL122021,02-09-2021/12:00:00,13.3,33.3,0,0.0,5.0,-5.0,-5.0,10.0,10.0,15.0
AL122021,02-09-2021/18:00:00,13.6,35.0,0,0.0,5.0,-5.0,5.0,10.0,10.0,15.0
AL122021,03-09-2021/00:00:00,13.9,36.7,0,5.0,-5.0,-5.0,10.0,10.0,10.0,15.0
AL122021,03-09-2021/06:00:00,14.1,38.4,0,0.0,-10.0,0.0,10.0,15.0,15.0,15.0
AL122021,03-09-2021/12:00:00,14.4,40.0,0,-10.0,-10.0,5.0,5.0,15.0,20.0,15.0
AL122021,03-09-2021/18:00:00,14.7,41.4,0,-15.0,0.0,5.0,10.0,10.0,20.0,15.0
AL122021,04-09-2021/00:00:00,15.2,42.7,0,0.0,10.0,10.0,10.0,10.0,20.0,20.0
AL122021,04-09-2021/06:00:00,15.8,44.0,0,5.0,10.0,10.0,15.0,15.0,15.0,25.0
AL122021,04-09-2021/12:00:00,16.4,45.3,0,10.0,10.0,15.0,15.0,20.0,20.0,20.0
AL122021,04-09-2021/18:00:00,17.0,46.5,0,10.0,10.0,10.0,5.0,20.0,20.0,15.0
AL122021,05-09-2021/00:00:00,17.7,47.5,0,0.0,0.0,5.0,5.0,10.0,15.0,10.0
AL122021,05-09-2021/06:00:00,18.4,48.5,0,0.0,5.0,5.0,10.0,10.0,20.0,15.0
AL122021,05-09-2021/12:00:00,19.2,49.4,0,0.0,5.0,5.0,10.0,15.0,15.0,15.0
AL122021,05-09-2021/18:00:00,20.0,50.3,0,5.0,5.0,5.0,5.0,10.0,15.0,15.0
AL122021,06-09-2021/00:00:00,20.7,51.2,0,5.0,5.0,10.0,5.0,5.0,5.0,10.0
AL122021,06-09-2021/06:00:00,21.2,52.0,0,5.0,10.0,10.0,5.0,15.0,15.0,10.0
AL182021,22-09-2021/18:00:00,10.0,33.1,0,0.0,-10.0,-15.0,-10.0,-35.0,-45.0,-5.0
AL182021,23-09-2021/00:00:00,10.2,34.4,0,-15.0,-25.0,-20.0,-30.0,-50.0,-40.0,-5.0
AL182021,23-09-2021/06:00:00,10.4,36.0,0,-15.0,-25.0,-20.0,-35.0,-50.0,-25.0,-15.0
AL182021,23-09-2021/12:00:00,10.7,37.6,0,-10.0,-5.0,-15.0,-25.0,-30.0,0.0,-5.0
AL182021,23-09-2021/18:00:00,10.9,39.0,0,-5.0,5.0,-5.0,-15.0,-25.0,5.0,-5.0
AL182021,24-09-2021/00:00:00,11.1,40.3,0,10.0,5.0,0.0,-20.0,-20.0,5.0,-5.0
AL182021,24-09-2021/06:00:00,11.4,41.6,0,10.0,0.0,-10.0,-15.0,-5.0,-5.0,-5.0
AL182021,24-09-2021/12:00:00,11.6,43.0,0,-10.0,-15.0,-25.0,-15.0,10.0,-5.0,-5.0
AL182021,24-09-2021/18:00:00,11.9,44.3,0,-5.0,-10.0,-15.0,-15.0,10.0,-5.0,-5.0
AL182021,25-09-2021/00:00:00,12.3,45.4,0,-5.0,-20.0,-15.0,-10.0,10.0,-5.0,-15.0
AL182021,25-09-2021/06:00:00,12.6,46.3,0,-5.0,-15.0,-15.0,5.0,0.0,-5.0,-15.0
AL182021,25-09-2021/12:00:00,12.8,47.2,0,-20.0,-15.0,-10.0,15.0,0.0,-5.0,-15.0
AL182021,25-09-2021/18:00:00,13.1,48.1,0,0.0,-10.0,5.0,15.0,0.0,-5.0,-15.0
AL182021,26-09-2021/00:00:00,13.4,48.8,0,0.0,-5.0,15.0,15.0,0.0,-15.0,-15.0
AL182021,26-09-2021/06:00:00,13.6,49.4,0,-10.0,5.0,15.0,0.0,0.0,-15.0,-20.0
AL182021,26-09-2021/12:00:00,13.8,50.0,0,-5.0,15.0,15.0,0.0,0.0,-15.0,-20.0
AL182021,26-09-2021/18:00:00,14.1,50.3,0,15.0,20.0,10.0,5.0,0.0,-15.0,-20.0
AL182021,27-09-2021/00:00:00,14.5,50.6,0,20.0,15.0,5.0,5.0,-10.0,-15.0,-20.0
AL182021,27-09-2021/06:00:00,15.0,51.1,0,10.0,0.0,0.0,-5.0,-15.0,-20.0,-15.0
AL182021,27-09-2021/12:00:00,15.4,51.7,0,5.0,-5.0,-5.0,-5.0,-15.0,-20.0,-15.0
AL182021,27-09-2021/18:00:00,15.9,52.3,0,0.0,0.0,0.0,-5.0,-15.0,-25.0,-10.0
AL182021,28-09-2021/00:00:00,16.5,52.9,0,0.0,0.0,-5.0,-15.0,-15.0,-20.0,0.0
AL182021,28-09-2021/06:00:00,16.9,53.5,0,5.0,0.0,0.0,-15.0,-20.0,-15.0,5.0
AL182021,28-09-2021/12:00:00,17.3,54.1,0,5.0,0.0,-10.0,-15.0,-20.0,-15.0,5.0
AL182021,28-09-2021/18:00:00,17.7,54.7,0,5.0,0.0,-10.0,-15.0,-20.0,-10.0,5.0
AL182021,29-09-2021/00:00:00,18.1,55.3,0,5.0,0.0,0.0,-5.0,-15.0,0.0,-5.0
AL182021,29-09-2021/06:00:00,18.6,55.9,0,5.0,-5.0,-5.0,-15.0,-10.0,5.0,-10.0
AL182021,29-09-2021/12:00:00,19.1,56.6,0,-5.0,-5.0,-5.0,-15.0,-10.0,5.0,-10.0
AL182021,29-09-2021/18:00:00,19.7,57.3,0,-5.0,-5.0,-10.0,-15.0,-10.0,0.0,-10.0
AL182021,30-09-2021/00:00:00,20.3,58.0,0,5.0,0.0,-10.0,-10.0,0.0,-5.0,-5.0
AL212021,31-10-2021/00:00:00,36.5,46.0,0,-5.0,5.0,10.0,10.0,5.0,0.0,0.0
AL212021,31-10-2021/06:00:00,36.6,44.2,0,0.0,10.0,15.0,10.0,5.0,0.0,-5.0
AL212021,31-10-2021/12:00:00,36.5,43.4,0,5.0,10.0,15.0,10.0,5.0,5.0,-5.0
AL212021,31-10-2021/18:00:00,36.4,43.5,0,5.0,10.0,5.0,5.0,0.0,5.0,-5.0
AL212021,01-11-2021/00:00:00,35.8,44.0,0,5.0,10.0,5.0,5.0,0.0,0.0,-5.0
AL212021,01-11-2021/06:00:00,34.8,44.2,0,10.0,5.0,5.0,5.0,0.0,0.0,-5.0
AL212021,01-11-2021/12:00:00,34.1,43.4,0,5.0,5.0,5.0,5.0,5.0,0.0,0.0
AL212021,01-11-2021/18:00:00,34.1,42.6,0,5.0,5.0,5.0,0.0,5.0,0.0,5.0
AL212021,02-11-2021/00:00:00,34.4,41.9,0,5.0,5.0,5.0,0.0,0.0,0.0,5.0
AL212021,02-11-2021/06:00:00,34.9,41.3,0,10.0,10.0,5.0,5.0,0.0,0.0,5.0
AL022022,01-07-2022/06:00:00,11.6,78.5,0,0.0,10.0,-10.0,-10.0,-15.0,-30.0,-10.0
AL022022,01-07-2022/12:00:00,11.3,80.2,0,-5.0,0.0,-10.0,-10.0,-15.0,-35.0,-15.0
AL022022,01-07-2022/18:00:00,11.2,81.8,0,0.0,0.0,0.0,-5.0,-20.0,-25.0,-15.0
AL022022,02-07-2022/00:00:00,10.9,83.1,0,0.0,-10.0,-5.0,-5.0,-20.0,-15.0,-5.0
AL022022,02-07-2022/06:00:00,11.1,84.5,0,-10.0,-10.0,-15.0,-15.0,-30.0,-10.0,-5.0
AL052022,01-09-2022/06:00:00,38.1,45.2,0,-10.0,-15.0,-10.0,5.0,5.0,5.0,10.0
AL052022,01-09-2022/12:00:00,38.1,44.8,0,-15.0,-20.0,-10.0,5.0,5.0,5.0,10.0
AL052022,01-09-2022/18:00:00,38.0,44.4,0,0.0,5.0,15.0,20.0,10.0,5.0,10.0
AL052022,02-09-2022/00:00:00,37.9,44.1,0,0.0,5.0,15.0,15.0,10.0,10.0,10.0
AL052022,02-09-2022/06:00:00,37.8,43.8,0,0.0,10.0,15.0,10.0,10.0,15.0,5.0
AL052022,02-09-2022/12:00:00,37.8,43.6,0,5.0,15.0,15.0,15.0,10.0,15.0,0.0
AL052022,02-09-2022/18:00:00,37.9,43.5,0,5.0,5.0,0.0,0.0,0.0,5.0,-5.0
AL052022,03-09-2022/00:00:00,38.0,43.6,0,5.0,5.0,0.0,0.0,5.0,5.0,0.0
AL052022,03-09-2022/06:00:00,38.0,43.8,0,0.0,-5.0,-5.0,0.0,10.0,0.0,5.0
AL062022,03-09-2022/00:00:00,18.3,59.8,0,-5.0,-5.0,-5.0,-10.0,-20.0,-30.0,-45.0
AL062022,03-09-2022/06:00:00,18.6,60.9,0,-10.0,-5.0,-10.0,-15.0,-10.0,-25.0,-35.0
AL062022,03-09-2022/12:00:00,18.9,61.9,0,-5.0,-5.0,-10.0,-10.0,-5.0,-20.0,-25.0
AL062022,03-09-2022/18:00:00,19.2,62.9,0,0.0,0.0,-5.0,-5.0,-5.0,-15.0,-5.0
AL062022,04-09-2022/00:00:00,19.4,63.6,0,0.0,0.0,-5.0,-5.0,-10.0,-20.0,0.0
AL062022,04-09-2022/06:00:00,19.5,64.1,0,-5.0,-5.0,-10.0,0.0,-15.0,-20.0,5.0
AL062022,04-09-2022/12:00:00,19.8,64.6,0,0.0,0.0,0.0,10.0,0.0,0.0,15.0
AL062022,04-09-2022/18:00:00,20.0,65.0,0,-5.0,-5.0,5.0,0.0,-5.0,5.0,15.0
AL062022,05-09-2022/00:00:00,20.3,65.3,0,-5.0,-5.0,5.0,-5.0,-15.0,10.0,10.0
AL062022,05-09-2022/06:00:00,20.8,65.4,0,-10.0,0.0,-5.0,-15.0,-15.0,10.0,15.0
AL062022,05-09-2022/12:00:00,21.5,65.2,0,0.0,5.0,-10.0,-10.0,-5.0,10.0,25.0
AL072022,14-09-2022/12:00:00,16.4,49.1,0,-10.0,-5.0,-10.0,-5.0,-10.0,-25.0,-45.0
AL072022,14-09-2022/18:00:00,16.6,50.1,0,-10.0,-10.0,-10.0,-5.0,-10.0,-35.0,-45.0
AL072022,15-09-2022/00:00:00,16.6,51.3,0,0.0,0.0,5.0,0.0,0.0,-25.0,-45.0
AL072022,15-09-2022/06:00:00,16.5,52.4,0,-5.0,0.0,5.0,0.0,-5.0,-30.0,-45.0
AL072022,15-09-2022/12:00:00,16.4,53.6,0,-5.0,5.0,0.0,0.0,-10.0,-20.0,-40.0
AL072022,15-09-2022/18:00:00,16.3,54.8,0,0.0,5.0,0.0,0.0,-20.0,-25.0,-40.0
AL072022,16-09-2022/00:00:00,16.1,56.2,0,5.0,0.0,5.0,5.0,-20.0,-40.0,-50.0
AL072022,16-09-2022/06:00:00,15.8,57.5,0,5.0,0.0,5.0,0.0,-20.0,-45.0,-60.0
AL072022,16-09-2022/12:00:00,15.8,58.8,0,0.0,0.0,5.0,-10.0,-15.0,-45.0,-50.0
AL072022,16-09-2022/18:00:00,16.3,60.4,0,0.0,0.0,0.0,-15.0,-30.0,-40.0,-45.0
AL072022,17-09-2022/00:00:00,16.4,61.6,0,5.0,5.0,-10.0,-15.0,-35.0,-45.0,-40.0
AL072022,17-09-2022/06:00:00,16.3,62.6,0,5.0,5.0,-15.0,-15.0,-35.0,-45.0,-35.0
AL072022,17-09-2022/12:00:00,16.4,63.3,0,5.0,-5.0,-10.0,-5.0,-20.0,-30.0,-25.0
AL072022,17-09-2022/18:00:00,16.5,64.0,0,5.0,-10.0,-15.0,-15.0,-20.0,-25.0,-20.0
AL072022,18-09-2022/00:00:00,16.5,64.7,0,-5.0,-10.0,-10.0,-25.0,-30.0,-25.0,-20.0
AL072022,18-09-2022/06:00:00,16.9,65.5,0,-10.0,-15.0,-15.0,-20.0,-30.0,-20.0,-20.0
AL072022,18-09-2022/12:00:00,17.2,66.2,0,0.0,0.0,-15.0,-10.0,-15.0,-15.0,-15.0
AL072022,18-09-2022/18:00:00,17.8,66.9,0,0.0,0.0,-10.0,0.0,-5.0,-10.0,-15.0
AL082022,20-09-2022/12:00:00,32.5,45.8,0,-10.0,-15.0,-10.0,-5.0,-5.0,10.0,0.0
AL082022,20-09-2022/18:00:00,34.0,45.0,0,-15.0,-10.0,-5.0,-5.0,0.0,5.0,5.0
AL092022,23-09-2022/06:00:00,13.7,68.1,0,5.0,0.0,-5.0,0.0,0.0,-10.0,-25.0
AL092022,23-09-2022/12:00:00,14.2,69.3,0,0.0,-5.0,0.0,5.0,5.0,-10.0,-40.0
AL092022,23-09-2022/18:00:00,14.6,70.6,0,0.0,-5.0,0.0,10.0,0.0,-10.0,-35.0
AL092022,24-09-2022/00:00:00,14.7,71.7,0,0.0,5.0,10.0,10.0,5.0,-5.0,-5.0
AL092022,24-09-2022/06:00:00,14.7,72.9,0,5.0,10.0,20.0,5.0,-5.0,-20.0,20.0
AL092022,24-09-2022/12:00:00,14.5,74.4,0,5.0,15.0,20.0,15.0,0.0,-35.0,35.0
AL092022,24-09-2022/18:00:00,14.4,75.8,0,10.0,20.0,10.0,15.0,10.0,-20.0,25.0
AL092022,25-09-2022/00:00:00,14.6,77.2,0,15.0,20.0,15.0,15.0,15.0,15.0,10.0
AL092022,25-09-2022/06:00:00,14.6,78.3,0,15.0,5.0,10.0,5.0,0.0,40.0,5.0
AL092022,25-09-2022/12:00:00,15.0,79.4,0,5.0,0.0,5.0,5.0,-25.0,35.0,-10.0
AL092022,25-09-2022/18:00:00,15.8,80.1,0,-15.0,-10.0,-10.0,0.0,-25.0,20.0,-20.0
